"id","price","itemName","itemDescription","pictureUrl"
1,"$387","Sleek Frozen Sausages","Internal bypassing","http://lorempixel.com/640/480/fashion"
2,"$162","Ergonomic Concrete Cheese","benchmark deposit","http://lorempixel.com/640/480/fashion"
3,"$305","Handmade Cotton Fish","Avon recontextualize gold","http://lorempixel.com/640/480/fashion"
4,"$339","Awesome Soft Computer","Kids","http://lorempixel.com/640/480/fashion"
5,"$134","Small Cotton Chicken","Louisiana Home","http://lorempixel.com/640/480/fashion"
6,"$281","Refined Plastic Shirt","extranet","http://lorempixel.com/640/480/fashion"
7,"$2","Incredible Steel Shirt","Balanced deposit Lakes","http://lorempixel.com/640/480/fashion"
8,"$337","Rustic Frozen Shirt","B2C multi-byte","http://lorempixel.com/640/480/fashion"
9,"$409","Handmade Cotton Car","Director Associate","http://lorempixel.com/640/480/fashion"
10,"$428","Licensed Rubber Keyboard","New Mexico","http://lorempixel.com/640/480/fashion"
11,"$420","Unbranded Granite Towels","multi-byte multi-tasking synergistic","http://lorempixel.com/640/480/fashion"
12,"$126","Practical Concrete Shirt","iterate Kwacha","http://lorempixel.com/640/480/fashion"
13,"$152","Rustic Cotton Ball","Fort","http://lorempixel.com/640/480/fashion"
14,"$228","Fantastic Metal Shoes","Nigeria","http://lorempixel.com/640/480/fashion"
15,"$409","Handcrafted Fresh Pants","hacking Director","http://lorempixel.com/640/480/fashion"
16,"$159","Unbranded Concrete Towels","interface","http://lorempixel.com/640/480/fashion"
17,"$244","Refined Soft Shoes","Buckinghamshire Executive","http://lorempixel.com/640/480/fashion"
18,"$395","Rustic Fresh Mouse","transmit","http://lorempixel.com/640/480/fashion"
19,"$404","Rustic Metal Soap","Architect generate","http://lorempixel.com/640/480/fashion"
20,"$317","Intelligent Steel Car","Eritrea eco-centric","http://lorempixel.com/640/480/fashion"
21,"$99","Sleek Cotton Tuna","Senior","http://lorempixel.com/640/480/fashion"
22,"$29","Sleek Frozen Bike","grow","http://lorempixel.com/640/480/fashion"
23,"$2","Practical Concrete Bacon","bluetooth invoice functionalities","http://lorempixel.com/640/480/fashion"
24,"$219","Gorgeous Plastic Tuna","Home Kiribati payment","http://lorempixel.com/640/480/fashion"
25,"$345","Gorgeous Plastic Chair","Salad Chair","http://lorempixel.com/640/480/fashion"
26,"$254","Tasty Concrete Computer","system Industrial","http://lorempixel.com/640/480/fashion"
27,"$240","Handmade Cotton Ball","Granite","http://lorempixel.com/640/480/fashion"
28,"$350","Ergonomic Plastic Hat","Sharable Cotton pixel","http://lorempixel.com/640/480/fashion"
29,"$30","Generic Steel Keyboard","generate","http://lorempixel.com/640/480/fashion"
30,"$264","Awesome Plastic Fish","New Leu","http://lorempixel.com/640/480/fashion"
31,"$425","Generic Rubber Mouse","Mozambique withdrawal","http://lorempixel.com/640/480/fashion"
32,"$500","Sleek Plastic Chips","PCI","http://lorempixel.com/640/480/fashion"
33,"$325","Refined Rubber Pants","Plains","http://lorempixel.com/640/480/fashion"
34,"$362","Small Fresh Shoes","Rustic Metal Ball","http://lorempixel.com/640/480/fashion"
35,"$406","Practical Metal Fish","Investor expedite","http://lorempixel.com/640/480/fashion"
36,"$167","Sleek Granite Hat","benchmark","http://lorempixel.com/640/480/fashion"
37,"$62","Rustic Steel Shirt","Nevada Personal Loan Account Keyboard","http://lorempixel.com/640/480/fashion"
38,"$174","Awesome Frozen Chicken","executive gold","http://lorempixel.com/640/480/fashion"
39,"$7","Licensed Frozen Shoes","multi-tasking Manager","http://lorempixel.com/640/480/fashion"
40,"$290","Fantastic Granite Salad","salmon","http://lorempixel.com/640/480/fashion"
41,"$129","Practical Concrete Shoes","bypass robust","http://lorempixel.com/640/480/fashion"
42,"$13","Fantastic Granite Mouse","Grocery Investment Account Gloves","http://lorempixel.com/640/480/fashion"
43,"$483","Practical Fresh Chips","Plastic","http://lorempixel.com/640/480/fashion"
44,"$463","Handmade Cotton Sausages","system Virginia","http://lorempixel.com/640/480/fashion"
45,"$260","Incredible Concrete Soap","project","http://lorempixel.com/640/480/fashion"
46,"$48","Unbranded Fresh Table","navigate Tools","http://lorempixel.com/640/480/fashion"
47,"$400","Ergonomic Frozen Hat","Books Associate Credit Card Account","http://lorempixel.com/640/480/fashion"
48,"$198","Ergonomic Plastic Chicken","Investment Account","http://lorempixel.com/640/480/fashion"
49,"$63","Awesome Concrete Chicken","SMTP bypass","http://lorempixel.com/640/480/fashion"
50,"$382","Handcrafted Steel Soap","transition Streamlined","http://lorempixel.com/640/480/fashion"
51,"$405","Awesome Granite Bike","Clothing Iceland","http://lorempixel.com/640/480/fashion"
52,"$335","Sleek Concrete Chips","Myanmar","http://lorempixel.com/640/480/fashion"
53,"$134","Handcrafted Wooden Keyboard","primary","http://lorempixel.com/640/480/fashion"
54,"$470","Fantastic Fresh Table","global parsing AGP","http://lorempixel.com/640/480/fashion"
55,"$47","Small Frozen Mouse","transparent online","http://lorempixel.com/640/480/fashion"
56,"$26","Refined Plastic Mouse","Fantastic Rubber Cheese plum","http://lorempixel.com/640/480/fashion"
57,"$412","Generic Soft Bacon","scalable Gorgeous synthesize","http://lorempixel.com/640/480/fashion"
58,"$277","Gorgeous Concrete Ball","deposit Regional Practical Wooden Bacon","http://lorempixel.com/640/480/fashion"
59,"$184","Incredible Frozen Hat","connecting","http://lorempixel.com/640/480/fashion"
60,"$249","Unbranded Granite Shoes","Madagascar","http://lorempixel.com/640/480/fashion"
61,"$274","Refined Frozen Keyboard","lavender Ergonomic Car","http://lorempixel.com/640/480/fashion"
62,"$126","Handmade Fresh Fish","solutions","http://lorempixel.com/640/480/fashion"
63,"$366","Sleek Concrete Mouse","gold Expanded","http://lorempixel.com/640/480/fashion"
64,"$17","Awesome Rubber Chair","New Hampshire revolutionize","http://lorempixel.com/640/480/fashion"
65,"$111","Incredible Wooden Sausages","Austria Central","http://lorempixel.com/640/480/fashion"
66,"$251","Refined Rubber Fish","Serbian Dinar RSS encryption","http://lorempixel.com/640/480/fashion"
67,"$126","Small Granite Pizza","redundant","http://lorempixel.com/640/480/fashion"
68,"$31","Awesome Concrete Tuna","New Hampshire auxiliary clear-thinking","http://lorempixel.com/640/480/fashion"
69,"$74","Tasty Cotton Keyboard","asynchronous Comoro Franc Plastic","http://lorempixel.com/640/480/fashion"
70,"$460","Handcrafted Concrete Pizza","Nebraska","http://lorempixel.com/640/480/fashion"
71,"$149","Intelligent Steel Fish","Automotive index Refined","http://lorempixel.com/640/480/fashion"
72,"$404","Generic Soft Chips","Awesome Agent cohesive","http://lorempixel.com/640/480/fashion"
73,"$21","Generic Rubber Pants","Investment Account Corporate Licensed Fresh Ball","http://lorempixel.com/640/480/fashion"
74,"$312","Intelligent Concrete Towels","Avon Auto Loan Account productize","http://lorempixel.com/640/480/fashion"
75,"$111","Fantastic Granite Pants","Bedfordshire Stravenue","http://lorempixel.com/640/480/fashion"
76,"$427","Gorgeous Fresh Pants","vortals Bedfordshire invoice","http://lorempixel.com/640/480/fashion"
77,"$21","Refined Plastic Cheese","discrete","http://lorempixel.com/640/480/fashion"
78,"$254","Intelligent Wooden Pants","THX Generic Soft Chair fuchsia","http://lorempixel.com/640/480/fashion"
79,"$493","Licensed Wooden Shoes","ADP Idaho Georgia","http://lorempixel.com/640/480/fashion"
80,"$453","Incredible Soft Computer","algorithm global California","http://lorempixel.com/640/480/fashion"
81,"$277","Incredible Soft Ball","Generic","http://lorempixel.com/640/480/fashion"
82,"$361","Refined Steel Gloves","input Polarised","http://lorempixel.com/640/480/fashion"
83,"$18","Incredible Soft Chicken","Falkland Islands (Malvinas) Ergonomic","http://lorempixel.com/640/480/fashion"
84,"$272","Practical Metal Hat","auxiliary SMTP turquoise","http://lorempixel.com/640/480/fashion"
85,"$222","Handmade Steel Bike","secondary","http://lorempixel.com/640/480/fashion"
86,"$40","Licensed Plastic Chair","Chief monitor hybrid","http://lorempixel.com/640/480/fashion"
87,"$280","Ergonomic Cotton Soap","Sudanese Pound Data","http://lorempixel.com/640/480/fashion"
88,"$145","Tasty Fresh Sausages","connect parsing","http://lorempixel.com/640/480/fashion"
89,"$407","Handcrafted Fresh Gloves","overriding Personal Loan Account","http://lorempixel.com/640/480/fashion"
90,"$375","Small Metal Hat","Meadows","http://lorempixel.com/640/480/fashion"
91,"$438","Small Cotton Chips","eyeballs","http://lorempixel.com/640/480/fashion"
92,"$416","Rustic Frozen Salad","Director architect","http://lorempixel.com/640/480/fashion"
93,"$397","Incredible Soft Soap","Colombia Customer","http://lorempixel.com/640/480/fashion"
94,"$110","Licensed Fresh Chips","transition Avon Cotton","http://lorempixel.com/640/480/fashion"
95,"$441","Awesome Fresh Car","dot-com Saudi Riyal","http://lorempixel.com/640/480/fashion"
96,"$198","Tasty Cotton Bike","Iceland Krona Kansas Checking Account","http://lorempixel.com/640/480/fashion"
97,"$472","Practical Rubber Soap","connecting interfaces","http://lorempixel.com/640/480/fashion"
98,"$462","Sleek Rubber Salad","Ergonomic","http://lorempixel.com/640/480/fashion"
99,"$261","Sleek Soft Chair","utilize","http://lorempixel.com/640/480/fashion"
100,"$30","Sleek Fresh Car","Credit Card Account hard drive","http://lorempixel.com/640/480/fashion"
